{
  "Version": 1,
  "WorkspaceRootPath": "C:\\Users\\asus\\source\\repos\\DoAn_QLDatVeMayBay\\",
  "Documents": [
    {
      "AbsoluteMoniker": "D:0:0:{8B85157E-8FDE-4200-A814-08DA3B14A7EC}|QLDatVeMayBay\\QLDatVeMayBay.csproj|c:\\users\\asus\\source\\repos\\doan_qldatvemaybay\\qldatvemaybay\\qldatvemaybay.csproj||{FA3CD31E-987B-443A-9B81-186104E8DAC1}|",
      "RelativeMoniker": "D:0:0:{8B85157E-8FDE-4200-A814-08DA3B14A7EC}|QLDatVeMayBay\\QLDatVeMayBay.csproj|solutionrelative:qldatvemaybay\\qldatvemaybay.csproj||{FA3CD31E-987B-443A-9B81-186104E8DAC1}|"
    },
    {
      "AbsoluteMoniker": "D:0:0:{8B85157E-8FDE-4200-A814-08DA3B14A7EC}|QLDatVeMayBay\\QLDatVeMayBay.csproj|c:\\users\\asus\\source\\repos\\doan_qldatvemaybay\\qldatvemaybay\\views\\home\\index.cshtml||{40D31677-CBC0-4297-A9EF-89D907823A98}",
      "RelativeMoniker": "D:0:0:{8B85157E-8FDE-4200-A814-08DA3B14A7EC}|QLDatVeMayBay\\QLDatVeMayBay.csproj|solutionrelative:qldatvemaybay\\views\\home\\index.cshtml||{40D31677-CBC0-4297-A9EF-89D907823A98}"
    },
    {
      "AbsoluteMoniker": "D:0:0:{8B85157E-8FDE-4200-A814-08DA3B14A7EC}|QLDatVeMayBay\\QLDatVeMayBay.csproj|c:\\users\\asus\\source\\repos\\doan_qldatvemaybay\\qldatvemaybay\\controllers\\taikhoancontroller.cs||{A6C744A8-0E4A-4FC6-886A-064283054674}",
      "RelativeMoniker": "D:0:0:{8B85157E-8FDE-4200-A814-08DA3B14A7EC}|QLDatVeMayBay\\QLDatVeMayBay.csproj|solutionrelative:qldatvemaybay\\controllers\\taikhoancontroller.cs||{A6C744A8-0E4A-4FC6-886A-064283054674}"
    },
    {
      "AbsoluteMoniker": "D:0:0:{8B85157E-8FDE-4200-A814-08DA3B14A7EC}|QLDatVeMayBay\\QLDatVeMayBay.csproj|c:\\users\\asus\\source\\repos\\doan_qldatvemaybay\\qldatvemaybay\\appsettings.json||{90A6B3A7-C1A3-4009-A288-E2FF89E96FA0}",
      "RelativeMoniker": "D:0:0:{8B85157E-8FDE-4200-A814-08DA3B14A7EC}|QLDatVeMayBay\\QLDatVeMayBay.csproj|solutionrelative:qldatvemaybay\\appsettings.json||{90A6B3A7-C1A3-4009-A288-E2FF89E96FA0}"
    },
    {
      "AbsoluteMoniker": "D:0:0:{8B85157E-8FDE-4200-A814-08DA3B14A7EC}|QLDatVeMayBay\\QLDatVeMayBay.csproj|c:\\users\\asus\\source\\repos\\doan_qldatvemaybay\\qldatvemaybay\\views\\taikhoan\\dangky.cshtml||{40D31677-CBC0-4297-A9EF-89D907823A98}",
      "RelativeMoniker": "D:0:0:{8B85157E-8FDE-4200-A814-08DA3B14A7EC}|QLDatVeMayBay\\QLDatVeMayBay.csproj|solutionrelative:qldatvemaybay\\views\\taikhoan\\dangky.cshtml||{40D31677-CBC0-4297-A9EF-89D907823A98}"
    },
    {
      "AbsoluteMoniker": "D:0:0:{8EC462FD-D22E-90A8-E5CE-7E832BA40C5D}|Solution Items{8EC462FD-D22E-90A8-E5CE-7E832BA40C5D}|C:\\Users\\asus\\Source\\Repos\\DoAn_QLDatVeMayBay\\.gitignore||{8B382828-6202-11D1-8870-0000F87579D2}",
      "RelativeMoniker": "D:0:0:{8EC462FD-D22E-90A8-E5CE-7E832BA40C5D}|Solution Items{8EC462FD-D22E-90A8-E5CE-7E832BA40C5D}|solutionrelative:.gitignore||{8B382828-6202-11D1-8870-0000F87579D2}"
    },
    {
      "AbsoluteMoniker": "D:0:0:{8B85157E-8FDE-4200-A814-08DA3B14A7EC}|QLDatVeMayBay\\QLDatVeMayBay.csproj|c:\\users\\asus\\source\\repos\\doan_qldatvemaybay\\qldatvemaybay\\views\\shared\\_layout.cshtml||{40D31677-CBC0-4297-A9EF-89D907823A98}",
      "RelativeMoniker": "D:0:0:{8B85157E-8FDE-4200-A814-08DA3B14A7EC}|QLDatVeMayBay\\QLDatVeMayBay.csproj|solutionrelative:qldatvemaybay\\views\\shared\\_layout.cshtml||{40D31677-CBC0-4297-A9EF-89D907823A98}"
    },
    {
      "AbsoluteMoniker": "D:0:0:{8B85157E-8FDE-4200-A814-08DA3B14A7EC}|QLDatVeMayBay\\QLDatVeMayBay.csproj|c:\\users\\asus\\source\\repos\\doan_qldatvemaybay\\qldatvemaybay\\program.cs||{A6C744A8-0E4A-4FC6-886A-064283054674}",
      "RelativeMoniker": "D:0:0:{8B85157E-8FDE-4200-A814-08DA3B14A7EC}|QLDatVeMayBay\\QLDatVeMayBay.csproj|solutionrelative:qldatvemaybay\\program.cs||{A6C744A8-0E4A-4FC6-886A-064283054674}"
    },
    {
      "AbsoluteMoniker": "D:0:0:{8B85157E-8FDE-4200-A814-08DA3B14A7EC}|QLDatVeMayBay\\QLDatVeMayBay.csproj|c:\\users\\asus\\source\\repos\\doan_qldatvemaybay\\qldatvemaybay\\services\\emailsender.cs||{A6C744A8-0E4A-4FC6-886A-064283054674}",
      "RelativeMoniker": "D:0:0:{8B85157E-8FDE-4200-A814-08DA3B14A7EC}|QLDatVeMayBay\\QLDatVeMayBay.csproj|solutionrelative:qldatvemaybay\\services\\emailsender.cs||{A6C744A8-0E4A-4FC6-886A-064283054674}"
    },
    {
      "AbsoluteMoniker": "D:0:0:{8B85157E-8FDE-4200-A814-08DA3B14A7EC}|QLDatVeMayBay\\QLDatVeMayBay.csproj|c:\\users\\asus\\source\\repos\\doan_qldatvemaybay\\qldatvemaybay\\models\\nguoidung.cs||{A6C744A8-0E4A-4FC6-886A-064283054674}",
      "RelativeMoniker": "D:0:0:{8B85157E-8FDE-4200-A814-08DA3B14A7EC}|QLDatVeMayBay\\QLDatVeMayBay.csproj|solutionrelative:qldatvemaybay\\models\\nguoidung.cs||{A6C744A8-0E4A-4FC6-886A-064283054674}"
    },
    {
      "AbsoluteMoniker": "D:0:0:{8B85157E-8FDE-4200-A814-08DA3B14A7EC}|QLDatVeMayBay\\QLDatVeMayBay.csproj|c:\\users\\asus\\source\\repos\\doan_qldatvemaybay\\qldatvemaybay\\data\\qldatvemaybaycontext.cs||{A6C744A8-0E4A-4FC6-886A-064283054674}",
      "RelativeMoniker": "D:0:0:{8B85157E-8FDE-4200-A814-08DA3B14A7EC}|QLDatVeMayBay\\QLDatVeMayBay.csproj|solutionrelative:qldatvemaybay\\data\\qldatvemaybaycontext.cs||{A6C744A8-0E4A-4FC6-886A-064283054674}"
    },
    {
      "AbsoluteMoniker": "D:0:0:{8B85157E-8FDE-4200-A814-08DA3B14A7EC}|QLDatVeMayBay\\QLDatVeMayBay.csproj|c:\\users\\asus\\source\\repos\\doan_qldatvemaybay\\qldatvemaybay\\views\\taikhoan\\xacnhanemail.cshtml||{40D31677-CBC0-4297-A9EF-89D907823A98}",
      "RelativeMoniker": "D:0:0:{8B85157E-8FDE-4200-A814-08DA3B14A7EC}|QLDatVeMayBay\\QLDatVeMayBay.csproj|solutionrelative:qldatvemaybay\\views\\taikhoan\\xacnhanemail.cshtml||{40D31677-CBC0-4297-A9EF-89D907823A98}"
    },
    {
      "AbsoluteMoniker": "D:0:0:{8B85157E-8FDE-4200-A814-08DA3B14A7EC}|QLDatVeMayBay\\QLDatVeMayBay.csproj|c:\\users\\asus\\source\\repos\\doan_qldatvemaybay\\qldatvemaybay\\viewmodels\\xacnhanemailviewmodel.cs||{A6C744A8-0E4A-4FC6-886A-064283054674}",
      "RelativeMoniker": "D:0:0:{8B85157E-8FDE-4200-A814-08DA3B14A7EC}|QLDatVeMayBay\\QLDatVeMayBay.csproj|solutionrelative:qldatvemaybay\\viewmodels\\xacnhanemailviewmodel.cs||{A6C744A8-0E4A-4FC6-886A-064283054674}"
    },
    {
      "AbsoluteMoniker": "D:0:0:{8B85157E-8FDE-4200-A814-08DA3B14A7EC}|QLDatVeMayBay\\QLDatVeMayBay.csproj|c:\\users\\asus\\source\\repos\\doan_qldatvemaybay\\qldatvemaybay\\viewmodels\\registerviewmodel.cs||{A6C744A8-0E4A-4FC6-886A-064283054674}",
      "RelativeMoniker": "D:0:0:{8B85157E-8FDE-4200-A814-08DA3B14A7EC}|QLDatVeMayBay\\QLDatVeMayBay.csproj|solutionrelative:qldatvemaybay\\viewmodels\\registerviewmodel.cs||{A6C744A8-0E4A-4FC6-886A-064283054674}"
    },
    {
      "AbsoluteMoniker": "D:0:0:{8B85157E-8FDE-4200-A814-08DA3B14A7EC}|QLDatVeMayBay\\QLDatVeMayBay.csproj|c:\\users\\asus\\source\\repos\\doan_qldatvemaybay\\qldatvemaybay\\viewmodels\\loginviewmodel.cs||{A6C744A8-0E4A-4FC6-886A-064283054674}",
      "RelativeMoniker": "D:0:0:{8B85157E-8FDE-4200-A814-08DA3B14A7EC}|QLDatVeMayBay\\QLDatVeMayBay.csproj|solutionrelative:qldatvemaybay\\viewmodels\\loginviewmodel.cs||{A6C744A8-0E4A-4FC6-886A-064283054674}"
    },
    {
      "AbsoluteMoniker": "D:0:0:{8B85157E-8FDE-4200-A814-08DA3B14A7EC}|QLDatVeMayBay\\QLDatVeMayBay.csproj|c:\\users\\asus\\source\\repos\\doan_qldatvemaybay\\qldatvemaybay\\viewmodels\\dangnhapviewmodel.cs||{A6C744A8-0E4A-4FC6-886A-064283054674}",
      "RelativeMoniker": "D:0:0:{8B85157E-8FDE-4200-A814-08DA3B14A7EC}|QLDatVeMayBay\\QLDatVeMayBay.csproj|solutionrelative:qldatvemaybay\\viewmodels\\dangnhapviewmodel.cs||{A6C744A8-0E4A-4FC6-886A-064283054674}"
    },
    {
      "AbsoluteMoniker": "D:0:0:{8B85157E-8FDE-4200-A814-08DA3B14A7EC}|QLDatVeMayBay\\QLDatVeMayBay.csproj|c:\\users\\asus\\source\\repos\\doan_qldatvemaybay\\qldatvemaybay\\services\\emailsettings.cs||{A6C744A8-0E4A-4FC6-886A-064283054674}",
      "RelativeMoniker": "D:0:0:{8B85157E-8FDE-4200-A814-08DA3B14A7EC}|QLDatVeMayBay\\QLDatVeMayBay.csproj|solutionrelative:qldatvemaybay\\services\\emailsettings.cs||{A6C744A8-0E4A-4FC6-886A-064283054674}"
    },
    {
      "AbsoluteMoniker": "D:0:0:{8B85157E-8FDE-4200-A814-08DA3B14A7EC}|QLDatVeMayBay\\QLDatVeMayBay.csproj|c:\\users\\asus\\source\\repos\\doan_qldatvemaybay\\qldatvemaybay\\models\\maxacnhan.cs||{A6C744A8-0E4A-4FC6-886A-064283054674}",
      "RelativeMoniker": "D:0:0:{8B85157E-8FDE-4200-A814-08DA3B14A7EC}|QLDatVeMayBay\\QLDatVeMayBay.csproj|solutionrelative:qldatvemaybay\\models\\maxacnhan.cs||{A6C744A8-0E4A-4FC6-886A-064283054674}"
    },
    {
      "AbsoluteMoniker": "D:0:0:{8B85157E-8FDE-4200-A814-08DA3B14A7EC}|QLDatVeMayBay\\QLDatVeMayBay.csproj|c:\\users\\asus\\source\\repos\\doan_qldatvemaybay\\qldatvemaybay\\models\\taikhoan.cs||{A6C744A8-0E4A-4FC6-886A-064283054674}",
      "RelativeMoniker": "D:0:0:{8B85157E-8FDE-4200-A814-08DA3B14A7EC}|QLDatVeMayBay\\QLDatVeMayBay.csproj|solutionrelative:qldatvemaybay\\models\\taikhoan.cs||{A6C744A8-0E4A-4FC6-886A-064283054674}"
    },
    {
      "AbsoluteMoniker": "D:0:0:{8B85157E-8FDE-4200-A814-08DA3B14A7EC}|QLDatVeMayBay\\QLDatVeMayBay.csproj|c:\\users\\asus\\source\\repos\\doan_qldatvemaybay\\qldatvemaybay\\migrations\\20250710063453_init.cs||{A6C744A8-0E4A-4FC6-886A-064283054674}",
      "RelativeMoniker": "D:0:0:{8B85157E-8FDE-4200-A814-08DA3B14A7EC}|QLDatVeMayBay\\QLDatVeMayBay.csproj|solutionrelative:qldatvemaybay\\migrations\\20250710063453_init.cs||{A6C744A8-0E4A-4FC6-886A-064283054674}"
    },
    {
      "AbsoluteMoniker": "D:0:0:{8B85157E-8FDE-4200-A814-08DA3B14A7EC}|QLDatVeMayBay\\QLDatVeMayBay.csproj|c:\\users\\asus\\source\\repos\\doan_qldatvemaybay\\qldatvemaybay\\migrations\\qldatvemaybaycontextmodelsnapshot.cs||{A6C744A8-0E4A-4FC6-886A-064283054674}",
      "RelativeMoniker": "D:0:0:{8B85157E-8FDE-4200-A814-08DA3B14A7EC}|QLDatVeMayBay\\QLDatVeMayBay.csproj|solutionrelative:qldatvemaybay\\migrations\\qldatvemaybaycontextmodelsnapshot.cs||{A6C744A8-0E4A-4FC6-886A-064283054674}"
    },
    {
      "AbsoluteMoniker": "D:0:0:{8B85157E-8FDE-4200-A814-08DA3B14A7EC}|QLDatVeMayBay\\QLDatVeMayBay.csproj|c:\\users\\asus\\source\\repos\\doan_qldatvemaybay\\qldatvemaybay\\models\\loaimaybay.cs||{A6C744A8-0E4A-4FC6-886A-064283054674}",
      "RelativeMoniker": "D:0:0:{8B85157E-8FDE-4200-A814-08DA3B14A7EC}|QLDatVeMayBay\\QLDatVeMayBay.csproj|solutionrelative:qldatvemaybay\\models\\loaimaybay.cs||{A6C744A8-0E4A-4FC6-886A-064283054674}"
    },
    {
      "AbsoluteMoniker": "D:0:0:{8B85157E-8FDE-4200-A814-08DA3B14A7EC}|QLDatVeMayBay\\QLDatVeMayBay.csproj|c:\\users\\asus\\source\\repos\\doan_qldatvemaybay\\qldatvemaybay\\services\\iemailsender.cs||{A6C744A8-0E4A-4FC6-886A-064283054674}",
      "RelativeMoniker": "D:0:0:{8B85157E-8FDE-4200-A814-08DA3B14A7EC}|QLDatVeMayBay\\QLDatVeMayBay.csproj|solutionrelative:qldatvemaybay\\services\\iemailsender.cs||{A6C744A8-0E4A-4FC6-886A-064283054674}"
    },
    {
      "AbsoluteMoniker": "D:0:0:{8B85157E-8FDE-4200-A814-08DA3B14A7EC}|QLDatVeMayBay\\QLDatVeMayBay.csproj|c:\\users\\asus\\source\\repos\\doan_qldatvemaybay\\qldatvemaybay\\controllers\\homecontroller.cs||{A6C744A8-0E4A-4FC6-886A-064283054674}",
      "RelativeMoniker": "D:0:0:{8B85157E-8FDE-4200-A814-08DA3B14A7EC}|QLDatVeMayBay\\QLDatVeMayBay.csproj|solutionrelative:qldatvemaybay\\controllers\\homecontroller.cs||{A6C744A8-0E4A-4FC6-886A-064283054674}"
    },
    {
      "AbsoluteMoniker": "D:0:0:{8B85157E-8FDE-4200-A814-08DA3B14A7EC}|QLDatVeMayBay\\QLDatVeMayBay.csproj|c:\\users\\asus\\source\\repos\\doan_qldatvemaybay\\qldatvemaybay\\views\\taikhoan\\dangnhap.cshtml||{40D31677-CBC0-4297-A9EF-89D907823A98}",
      "RelativeMoniker": "D:0:0:{8B85157E-8FDE-4200-A814-08DA3B14A7EC}|QLDatVeMayBay\\QLDatVeMayBay.csproj|solutionrelative:qldatvemaybay\\views\\taikhoan\\dangnhap.cshtml||{40D31677-CBC0-4297-A9EF-89D907823A98}"
    },
    {
      "AbsoluteMoniker": "D:0:0:{8B85157E-8FDE-4200-A814-08DA3B14A7EC}|QLDatVeMayBay\\QLDatVeMayBay.csproj|c:\\users\\asus\\source\\repos\\doan_qldatvemaybay\\qldatvemaybay\\models\\thanhtoan.cs||{A6C744A8-0E4A-4FC6-886A-064283054674}",
      "RelativeMoniker": "D:0:0:{8B85157E-8FDE-4200-A814-08DA3B14A7EC}|QLDatVeMayBay\\QLDatVeMayBay.csproj|solutionrelative:qldatvemaybay\\models\\thanhtoan.cs||{A6C744A8-0E4A-4FC6-886A-064283054674}"
    },
    {
      "AbsoluteMoniker": "D:0:0:{8B85157E-8FDE-4200-A814-08DA3B14A7EC}|QLDatVeMayBay\\QLDatVeMayBay.csproj|c:\\users\\asus\\source\\repos\\doan_qldatvemaybay\\qldatvemaybay\\models\\vemaybay.cs||{A6C744A8-0E4A-4FC6-886A-064283054674}",
      "RelativeMoniker": "D:0:0:{8B85157E-8FDE-4200-A814-08DA3B14A7EC}|QLDatVeMayBay\\QLDatVeMayBay.csproj|solutionrelative:qldatvemaybay\\models\\vemaybay.cs||{A6C744A8-0E4A-4FC6-886A-064283054674}"
    },
    {
      "AbsoluteMoniker": "D:0:0:{8B85157E-8FDE-4200-A814-08DA3B14A7EC}|QLDatVeMayBay\\QLDatVeMayBay.csproj|c:\\users\\asus\\source\\repos\\doan_qldatvemaybay\\qldatvemaybay\\models\\ghengoi.cs||{A6C744A8-0E4A-4FC6-886A-064283054674}",
      "RelativeMoniker": "D:0:0:{8B85157E-8FDE-4200-A814-08DA3B14A7EC}|QLDatVeMayBay\\QLDatVeMayBay.csproj|solutionrelative:qldatvemaybay\\models\\ghengoi.cs||{A6C744A8-0E4A-4FC6-886A-064283054674}"
    },
    {
      "AbsoluteMoniker": "D:0:0:{8B85157E-8FDE-4200-A814-08DA3B14A7EC}|QLDatVeMayBay\\QLDatVeMayBay.csproj|c:\\users\\asus\\source\\repos\\doan_qldatvemaybay\\qldatvemaybay\\models\\chuyenbay.cs||{A6C744A8-0E4A-4FC6-886A-064283054674}",
      "RelativeMoniker": "D:0:0:{8B85157E-8FDE-4200-A814-08DA3B14A7EC}|QLDatVeMayBay\\QLDatVeMayBay.csproj|solutionrelative:qldatvemaybay\\models\\chuyenbay.cs||{A6C744A8-0E4A-4FC6-886A-064283054674}"
    },
    {
      "AbsoluteMoniker": "D:0:0:{8B85157E-8FDE-4200-A814-08DA3B14A7EC}|QLDatVeMayBay\\QLDatVeMayBay.csproj|c:\\users\\asus\\source\\repos\\doan_qldatvemaybay\\qldatvemaybay\\models\\sanbay.cs||{A6C744A8-0E4A-4FC6-886A-064283054674}",
      "RelativeMoniker": "D:0:0:{8B85157E-8FDE-4200-A814-08DA3B14A7EC}|QLDatVeMayBay\\QLDatVeMayBay.csproj|solutionrelative:qldatvemaybay\\models\\sanbay.cs||{A6C744A8-0E4A-4FC6-886A-064283054674}"
    },
    {
      "AbsoluteMoniker": "D:0:0:{8B85157E-8FDE-4200-A814-08DA3B14A7EC}|QLDatVeMayBay\\QLDatVeMayBay.csproj|c:\\users\\asus\\source\\repos\\doan_qldatvemaybay\\qldatvemaybay\\models\\maybay.cs||{A6C744A8-0E4A-4FC6-886A-064283054674}",
      "RelativeMoniker": "D:0:0:{8B85157E-8FDE-4200-A814-08DA3B14A7EC}|QLDatVeMayBay\\QLDatVeMayBay.csproj|solutionrelative:qldatvemaybay\\models\\maybay.cs||{A6C744A8-0E4A-4FC6-886A-064283054674}"
    },
    {
      "AbsoluteMoniker": "D:0:0:{8B85157E-8FDE-4200-A814-08DA3B14A7EC}|QLDatVeMayBay\\QLDatVeMayBay.csproj|c:\\users\\asus\\source\\repos\\doan_qldatvemaybay\\qldatvemaybay\\migrations\\20250710093335_huyen.cs||{A6C744A8-0E4A-4FC6-886A-064283054674}",
      "RelativeMoniker": "D:0:0:{8B85157E-8FDE-4200-A814-08DA3B14A7EC}|QLDatVeMayBay\\QLDatVeMayBay.csproj|solutionrelative:qldatvemaybay\\migrations\\20250710093335_huyen.cs||{A6C744A8-0E4A-4FC6-886A-064283054674}"
    }
  ],
  "DocumentGroupContainers": [
    {
      "Orientation": 0,
      "VerticalTabListWidth": 256,
      "DocumentGroups": [
        {
          "DockedWidth": 200,
          "SelectedChildIndex": 8,
          "Children": [
            {
              "$type": "Bookmark",
              "Name": "ST:0:0:{b1e99781-ab81-11d0-b683-00aa00a3ee26}"
            },
            {
              "$type": "Bookmark",
              "Name": "ST:0:0:{e5c86464-96be-4d7c-9a8b-abcb3bbf5f92}"
            },
            {
              "$type": "Document",
              "DocumentIndex": 1,
              "Title": "Index.cshtml",
              "DocumentMoniker": "C:\\Users\\asus\\source\\repos\\DoAn_QLDatVeMayBay\\QLDatVeMayBay\\Views\\Home\\Index.cshtml",
              "RelativeDocumentMoniker": "QLDatVeMayBay\\Views\\Home\\Index.cshtml",
              "ToolTip": "C:\\Users\\asus\\source\\repos\\DoAn_QLDatVeMayBay\\QLDatVeMayBay\\Views\\Home\\Index.cshtml",
              "RelativeToolTip": "QLDatVeMayBay\\Views\\Home\\Index.cshtml",
              "ViewState": "AgIAAAAAAAAAAAAAAAAAAAgAAAAAAAAAAAAAAA==",
              "Icon": "ae27a6b0-e345-4288-96df-5eaf394ee369.000759|",
              "WhenOpened": "2025-07-11T03:35:52.521Z",
              "EditorCaption": ""
            },
            {
              "$type": "Document",
              "DocumentIndex": 2,
              "Title": "TaiKhoanController.cs",
              "DocumentMoniker": "C:\\Users\\asus\\source\\repos\\DoAn_QLDatVeMayBay\\QLDatVeMayBay\\Controllers\\TaiKhoanController.cs",
              "RelativeDocumentMoniker": "QLDatVeMayBay\\Controllers\\TaiKhoanController.cs",
              "ToolTip": "C:\\Users\\asus\\source\\repos\\DoAn_QLDatVeMayBay\\QLDatVeMayBay\\Controllers\\TaiKhoanController.cs",
              "RelativeToolTip": "QLDatVeMayBay\\Controllers\\TaiKhoanController.cs",
              "ViewState": "AgIAADsAAAAAAAAAAAAcwE0AAAAkAAAAAAAAAA==",
              "Icon": "ae27a6b0-e345-4288-96df-5eaf394ee369.000738|",
              "WhenOpened": "2025-07-10T06:49:29.133Z",
              "EditorCaption": ""
            },
            {
              "$type": "Document",
              "DocumentIndex": 3,
              "Title": "appsettings.json",
              "DocumentMoniker": "C:\\Users\\asus\\source\\repos\\DoAn_QLDatVeMayBay\\QLDatVeMayBay\\appsettings.json",
              "RelativeDocumentMoniker": "QLDatVeMayBay\\appsettings.json",
              "ToolTip": "C:\\Users\\asus\\source\\repos\\DoAn_QLDatVeMayBay\\QLDatVeMayBay\\appsettings.json",
              "RelativeToolTip": "QLDatVeMayBay\\appsettings.json",
              "ViewState": "AgIAAAMAAAAAAAAAAAAAABAAAAApAAAAAAAAAA==",
              "Icon": "ae27a6b0-e345-4288-96df-5eaf394ee369.001642|",
              "WhenOpened": "2025-07-10T06:20:48.632Z",
              "EditorCaption": ""
            },
            {
              "$type": "Document",
              "DocumentIndex": 5,
              "Title": ".gitignore",
              "DocumentMoniker": "C:\\Users\\asus\\Source\\Repos\\DoAn_QLDatVeMayBay\\.gitignore",
              "RelativeDocumentMoniker": ".gitignore",
              "ToolTip": "C:\\Users\\asus\\Source\\Repos\\DoAn_QLDatVeMayBay\\.gitignore",
              "RelativeToolTip": ".gitignore",
              "ViewState": "AgIAAAAAAAAAAAAAAAAAAAIAAAABAAAAAAAAAA==",
              "Icon": "ae27a6b0-e345-4288-96df-5eaf394ee369.001001|",
              "WhenOpened": "2025-07-11T02:03:50.75Z",
              "EditorCaption": ""
            },
            {
              "$type": "Document",
              "DocumentIndex": 9,
              "Title": "NguoiDung.cs",
              "DocumentMoniker": "C:\\Users\\asus\\source\\repos\\DoAn_QLDatVeMayBay\\QLDatVeMayBay\\Models\\NguoiDung.cs",
              "RelativeDocumentMoniker": "QLDatVeMayBay\\Models\\NguoiDung.cs",
              "ToolTip": "C:\\Users\\asus\\source\\repos\\DoAn_QLDatVeMayBay\\QLDatVeMayBay\\Models\\NguoiDung.cs",
              "RelativeToolTip": "QLDatVeMayBay\\Models\\NguoiDung.cs",
              "ViewState": "AgIAABUAAAAAAAAAAAAYwB4AAAA9AAAAAAAAAA==",
              "Icon": "ae27a6b0-e345-4288-96df-5eaf394ee369.000738|",
              "WhenOpened": "2025-07-10T05:56:44.918Z",
              "EditorCaption": ""
            },
            {
              "$type": "Document",
              "DocumentIndex": 4,
              "Title": "DangKy.cshtml",
              "DocumentMoniker": "C:\\Users\\asus\\source\\repos\\DoAn_QLDatVeMayBay\\QLDatVeMayBay\\Views\\TaiKhoan\\DangKy.cshtml",
              "RelativeDocumentMoniker": "QLDatVeMayBay\\Views\\TaiKhoan\\DangKy.cshtml",
              "ToolTip": "C:\\Users\\asus\\source\\repos\\DoAn_QLDatVeMayBay\\QLDatVeMayBay\\Views\\TaiKhoan\\DangKy.cshtml",
              "RelativeToolTip": "QLDatVeMayBay\\Views\\TaiKhoan\\DangKy.cshtml",
              "ViewState": "AgIAAAwAAAAAAAAAAAAAACgAAABQAAAAAAAAAA==",
              "Icon": "ae27a6b0-e345-4288-96df-5eaf394ee369.000759|",
              "WhenOpened": "2025-07-10T06:58:21.53Z",
              "EditorCaption": ""
            },
            {
              "$type": "Document",
              "DocumentIndex": 0,
              "Title": "QLDatVeMayBay.csproj",
              "DocumentMoniker": "C:\\Users\\asus\\Source\\Repos\\DoAn_QLDatVeMayBay\\QLDatVeMayBay\\QLDatVeMayBay.csproj",
              "RelativeDocumentMoniker": "QLDatVeMayBay\\QLDatVeMayBay.csproj",
              "ToolTip": "C:\\Users\\asus\\Source\\Repos\\DoAn_QLDatVeMayBay\\QLDatVeMayBay\\QLDatVeMayBay.csproj",
              "RelativeToolTip": "QLDatVeMayBay\\QLDatVeMayBay.csproj",
              "ViewState": "AgIAAAAAAAAAAAAAAAAAABQAAAAAAAAAAAAAAA==",
              "Icon": "ae27a6b0-e345-4288-96df-5eaf394ee369.000758|",
              "WhenOpened": "2025-07-10T06:22:54.333Z",
              "EditorCaption": ""
            },
            {
              "$type": "Document",
              "DocumentIndex": 7,
              "Title": "Program.cs",
              "DocumentMoniker": "C:\\Users\\asus\\source\\repos\\DoAn_QLDatVeMayBay\\QLDatVeMayBay\\Program.cs",
              "RelativeDocumentMoniker": "QLDatVeMayBay\\Program.cs",
              "ToolTip": "C:\\Users\\asus\\source\\repos\\DoAn_QLDatVeMayBay\\QLDatVeMayBay\\Program.cs",
              "RelativeToolTip": "QLDatVeMayBay\\Program.cs",
              "ViewState": "AgIAABUAAAAAAAAAAAAAACsAAAAUAAAAAAAAAA==",
              "Icon": "ae27a6b0-e345-4288-96df-5eaf394ee369.000738|",
              "WhenOpened": "2025-07-10T06:22:30.611Z",
              "EditorCaption": ""
            },
            {
              "$type": "Document",
              "DocumentIndex": 6,
              "Title": "_Layout.cshtml",
              "DocumentMoniker": "C:\\Users\\asus\\source\\repos\\DoAn_QLDatVeMayBay\\QLDatVeMayBay\\Views\\Shared\\_Layout.cshtml",
              "RelativeDocumentMoniker": "QLDatVeMayBay\\Views\\Shared\\_Layout.cshtml",
              "ToolTip": "C:\\Users\\asus\\source\\repos\\DoAn_QLDatVeMayBay\\QLDatVeMayBay\\Views\\Shared\\_Layout.cshtml",
              "RelativeToolTip": "QLDatVeMayBay\\Views\\Shared\\_Layout.cshtml",
              "ViewState": "AgIAAAkAAAAAAAAAAAAAAAsAAAAGAAAAAAAAAA==",
              "Icon": "ae27a6b0-e345-4288-96df-5eaf394ee369.000759|",
              "WhenOpened": "2025-07-11T03:33:40.246Z",
              "EditorCaption": ""
            },
            {
              "$type": "Document",
              "DocumentIndex": 13,
              "Title": "RegisterViewModel.cs",
              "DocumentMoniker": "C:\\Users\\asus\\source\\repos\\DoAn_QLDatVeMayBay\\QLDatVeMayBay\\ViewModels\\RegisterViewModel.cs",
              "RelativeDocumentMoniker": "QLDatVeMayBay\\ViewModels\\RegisterViewModel.cs",
              "ToolTip": "C:\\Users\\asus\\source\\repos\\DoAn_QLDatVeMayBay\\QLDatVeMayBay\\ViewModels\\RegisterViewModel.cs",
              "RelativeToolTip": "QLDatVeMayBay\\ViewModels\\RegisterViewModel.cs",
              "ViewState": "AgIAABcAAAAAAAAAAAAAACcAAAAAAAAAAAAAAA==",
              "Icon": "ae27a6b0-e345-4288-96df-5eaf394ee369.000738|",
              "WhenOpened": "2025-07-10T06:48:50.545Z"
            },
            {
              "$type": "Document",
              "DocumentIndex": 11,
              "Title": "XacNhanEmail.cshtml",
              "DocumentMoniker": "C:\\Users\\asus\\source\\repos\\DoAn_QLDatVeMayBay\\QLDatVeMayBay\\Views\\TaiKhoan\\XacNhanEmail.cshtml",
              "RelativeDocumentMoniker": "QLDatVeMayBay\\Views\\TaiKhoan\\XacNhanEmail.cshtml",
              "ToolTip": "C:\\Users\\asus\\source\\repos\\DoAn_QLDatVeMayBay\\QLDatVeMayBay\\Views\\TaiKhoan\\XacNhanEmail.cshtml",
              "RelativeToolTip": "QLDatVeMayBay\\Views\\TaiKhoan\\XacNhanEmail.cshtml",
              "ViewState": "AgIAAAYAAAAAAAAAAAAqwDMAAAAAAAAAAAAAAA==",
              "Icon": "ae27a6b0-e345-4288-96df-5eaf394ee369.000759|",
              "WhenOpened": "2025-07-10T06:59:37.635Z"
            },
            {
              "$type": "Document",
              "DocumentIndex": 8,
              "Title": "EmailSender.cs",
              "DocumentMoniker": "C:\\Users\\asus\\source\\repos\\DoAn_QLDatVeMayBay\\QLDatVeMayBay\\Services\\EmailSender.cs",
              "RelativeDocumentMoniker": "QLDatVeMayBay\\Services\\EmailSender.cs",
              "ToolTip": "C:\\Users\\asus\\source\\repos\\DoAn_QLDatVeMayBay\\QLDatVeMayBay\\Services\\EmailSender.cs",
              "RelativeToolTip": "QLDatVeMayBay\\Services\\EmailSender.cs",
              "ViewState": "AgIAAD8AAAAAAAAAAAAUwKIAAAAeAAAAAAAAAA==",
              "Icon": "ae27a6b0-e345-4288-96df-5eaf394ee369.000738|",
              "WhenOpened": "2025-07-10T06:25:15.709Z",
              "EditorCaption": ""
            },
            {
              "$type": "Document",
              "DocumentIndex": 10,
              "Title": "QLDatVeMayBayContext.cs",
              "DocumentMoniker": "C:\\Users\\asus\\source\\repos\\DoAn_QLDatVeMayBay\\QLDatVeMayBay\\Data\\QLDatVeMayBayContext.cs",
              "RelativeDocumentMoniker": "QLDatVeMayBay\\Data\\QLDatVeMayBayContext.cs",
              "ToolTip": "C:\\Users\\asus\\source\\repos\\DoAn_QLDatVeMayBay\\QLDatVeMayBay\\Data\\QLDatVeMayBayContext.cs",
              "RelativeToolTip": "QLDatVeMayBay\\Data\\QLDatVeMayBayContext.cs",
              "ViewState": "AgIAAGsAAAAAAAAAAAAAACQAAAAAAAAAAAAAAA==",
              "Icon": "ae27a6b0-e345-4288-96df-5eaf394ee369.000738|",
              "WhenOpened": "2025-07-10T06:17:03.272Z"
            },
            {
              "$type": "Document",
              "DocumentIndex": 12,
              "Title": "XacNhanEmailViewModel.cs",
              "DocumentMoniker": "C:\\Users\\asus\\source\\repos\\DoAn_QLDatVeMayBay\\QLDatVeMayBay\\ViewModels\\XacNhanEmailViewModel.cs",
              "RelativeDocumentMoniker": "QLDatVeMayBay\\ViewModels\\XacNhanEmailViewModel.cs",
              "ToolTip": "C:\\Users\\asus\\source\\repos\\DoAn_QLDatVeMayBay\\QLDatVeMayBay\\ViewModels\\XacNhanEmailViewModel.cs",
              "RelativeToolTip": "QLDatVeMayBay\\ViewModels\\XacNhanEmailViewModel.cs",
              "ViewState": "AgIAAAAAAAAAAAAAAAAAABAAAAAAAAAAAAAAAA==",
              "Icon": "ae27a6b0-e345-4288-96df-5eaf394ee369.000738|",
              "WhenOpened": "2025-07-10T06:49:09.011Z"
            },
            {
              "$type": "Document",
              "DocumentIndex": 14,
              "Title": "LoginViewModel.cs",
              "DocumentMoniker": "C:\\Users\\asus\\source\\repos\\DoAn_QLDatVeMayBay\\QLDatVeMayBay\\ViewModels\\LoginViewModel.cs",
              "RelativeDocumentMoniker": "QLDatVeMayBay\\ViewModels\\LoginViewModel.cs",
              "ToolTip": "C:\\Users\\asus\\source\\repos\\DoAn_QLDatVeMayBay\\QLDatVeMayBay\\ViewModels\\LoginViewModel.cs",
              "RelativeToolTip": "QLDatVeMayBay\\ViewModels\\LoginViewModel.cs",
              "ViewState": "AgIAAAAAAAAAAAAAAAAAABMAAAAAAAAAAAAAAA==",
              "Icon": "ae27a6b0-e345-4288-96df-5eaf394ee369.000738|",
              "WhenOpened": "2025-07-10T06:49:00.604Z"
            },
            {
              "$type": "Document",
              "DocumentIndex": 15,
              "Title": "DangNhapViewModel.cs",
              "DocumentMoniker": "C:\\Users\\asus\\source\\repos\\DoAn_QLDatVeMayBay\\QLDatVeMayBay\\ViewModels\\DangNhapViewModel.cs",
              "RelativeDocumentMoniker": "QLDatVeMayBay\\ViewModels\\DangNhapViewModel.cs",
              "ToolTip": "C:\\Users\\asus\\source\\repos\\DoAn_QLDatVeMayBay\\QLDatVeMayBay\\ViewModels\\DangNhapViewModel.cs",
              "RelativeToolTip": "QLDatVeMayBay\\ViewModels\\DangNhapViewModel.cs",
              "ViewState": "AgIAAAAAAAAAAAAAAAAAAA0AAAAWAAAAAAAAAA==",
              "Icon": "ae27a6b0-e345-4288-96df-5eaf394ee369.000738|",
              "WhenOpened": "2025-07-10T07:06:37.58Z"
            },
            {
              "$type": "Document",
              "DocumentIndex": 16,
              "Title": "EmailSettings.cs",
              "DocumentMoniker": "C:\\Users\\asus\\source\\repos\\DoAn_QLDatVeMayBay\\QLDatVeMayBay\\Services\\EmailSettings.cs",
              "RelativeDocumentMoniker": "QLDatVeMayBay\\Services\\EmailSettings.cs",
              "ToolTip": "C:\\Users\\asus\\source\\repos\\DoAn_QLDatVeMayBay\\QLDatVeMayBay\\Services\\EmailSettings.cs",
              "RelativeToolTip": "QLDatVeMayBay\\Services\\EmailSettings.cs",
              "ViewState": "AgIAAAAAAAAAAAAAAAAAAAwAAAAAAAAAAAAAAA==",
              "Icon": "ae27a6b0-e345-4288-96df-5eaf394ee369.000738|",
              "WhenOpened": "2025-07-10T06:23:20.589Z"
            },
            {
              "$type": "Document",
              "DocumentIndex": 17,
              "Title": "MaXacNhan.cs",
              "DocumentMoniker": "C:\\Users\\asus\\source\\repos\\DoAn_QLDatVeMayBay\\QLDatVeMayBay\\Models\\MaXacNhan.cs",
              "RelativeDocumentMoniker": "QLDatVeMayBay\\Models\\MaXacNhan.cs",
              "ToolTip": "C:\\Users\\asus\\source\\repos\\DoAn_QLDatVeMayBay\\QLDatVeMayBay\\Models\\MaXacNhan.cs",
              "RelativeToolTip": "QLDatVeMayBay\\Models\\MaXacNhan.cs",
              "ViewState": "AgIAAAAAAAAAAAAAAAAAAAoAAAAhAAAAAAAAAA==",
              "Icon": "ae27a6b0-e345-4288-96df-5eaf394ee369.000738|",
              "WhenOpened": "2025-07-10T06:02:58.194Z"
            },
            {
              "$type": "Document",
              "DocumentIndex": 18,
              "Title": "TaiKhoan.cs",
              "DocumentMoniker": "C:\\Users\\asus\\source\\repos\\DoAn_QLDatVeMayBay\\QLDatVeMayBay\\Models\\TaiKhoan.cs",
              "RelativeDocumentMoniker": "QLDatVeMayBay\\Models\\TaiKhoan.cs",
              "ToolTip": "C:\\Users\\asus\\source\\repos\\DoAn_QLDatVeMayBay\\QLDatVeMayBay\\Models\\TaiKhoan.cs",
              "RelativeToolTip": "QLDatVeMayBay\\Models\\TaiKhoan.cs",
              "ViewState": "AgIAAAMAAAAAMzMzMzMbwBMAAABBAAAAAAAAAA==",
              "Icon": "ae27a6b0-e345-4288-96df-5eaf394ee369.000738|",
              "WhenOpened": "2025-07-10T05:56:11.237Z"
            },
            {
              "$type": "Document",
              "DocumentIndex": 31,
              "Title": "20250710093335_huyen.cs",
              "DocumentMoniker": "C:\\Users\\asus\\source\\repos\\DoAn_QLDatVeMayBay\\QLDatVeMayBay\\Migrations\\20250710093335_huyen.cs",
              "RelativeDocumentMoniker": "QLDatVeMayBay\\Migrations\\20250710093335_huyen.cs",
              "ToolTip": "C:\\Users\\asus\\source\\repos\\DoAn_QLDatVeMayBay\\QLDatVeMayBay\\Migrations\\20250710093335_huyen.cs",
              "RelativeToolTip": "QLDatVeMayBay\\Migrations\\20250710093335_huyen.cs",
              "ViewState": "AgIAAAAAAAAAAAAAAAAAAAAAAAAAAAAAAAAAAA==",
              "Icon": "ae27a6b0-e345-4288-96df-5eaf394ee369.000738|",
              "WhenOpened": "2025-07-10T09:33:36.101Z"
            },
            {
              "$type": "Document",
              "DocumentIndex": 19,
              "Title": "20250710063453_Init.cs",
              "DocumentMoniker": "C:\\Users\\asus\\source\\repos\\DoAn_QLDatVeMayBay\\QLDatVeMayBay\\Migrations\\20250710063453_Init.cs",
              "RelativeDocumentMoniker": "QLDatVeMayBay\\Migrations\\20250710063453_Init.cs",
              "ToolTip": "C:\\Users\\asus\\source\\repos\\DoAn_QLDatVeMayBay\\QLDatVeMayBay\\Migrations\\20250710063453_Init.cs",
              "RelativeToolTip": "QLDatVeMayBay\\Migrations\\20250710063453_Init.cs",
              "ViewState": "AgIAAAAAAAAAAAAAAAAAAAAAAAAAAAAAAAAAAA==",
              "Icon": "ae27a6b0-e345-4288-96df-5eaf394ee369.000738|",
              "WhenOpened": "2025-07-10T06:34:53.992Z"
            },
            {
              "$type": "Document",
              "DocumentIndex": 20,
              "Title": "QLDatVeMayBayContextModelSnapshot.cs",
              "DocumentMoniker": "C:\\Users\\asus\\source\\repos\\DoAn_QLDatVeMayBay\\QLDatVeMayBay\\Migrations\\QLDatVeMayBayContextModelSnapshot.cs",
              "RelativeDocumentMoniker": "QLDatVeMayBay\\Migrations\\QLDatVeMayBayContextModelSnapshot.cs",
              "ToolTip": "C:\\Users\\asus\\source\\repos\\DoAn_QLDatVeMayBay\\QLDatVeMayBay\\Migrations\\QLDatVeMayBayContextModelSnapshot.cs",
              "RelativeToolTip": "QLDatVeMayBay\\Migrations\\QLDatVeMayBayContextModelSnapshot.cs",
              "ViewState": "AgIAAEYAAAAAAAAAAAAQwAAAAAAAAAAAAAAAAA==",
              "Icon": "ae27a6b0-e345-4288-96df-5eaf394ee369.000738|",
              "WhenOpened": "2025-07-10T08:14:32.751Z"
            },
            {
              "$type": "Document",
              "DocumentIndex": 21,
              "Title": "LoaiMayBay.cs",
              "DocumentMoniker": "C:\\Users\\asus\\source\\repos\\DoAn_QLDatVeMayBay\\QLDatVeMayBay\\Models\\LoaiMayBay.cs",
              "RelativeDocumentMoniker": "QLDatVeMayBay\\Models\\LoaiMayBay.cs",
              "ToolTip": "C:\\Users\\asus\\source\\repos\\DoAn_QLDatVeMayBay\\QLDatVeMayBay\\Models\\LoaiMayBay.cs",
              "RelativeToolTip": "QLDatVeMayBay\\Models\\LoaiMayBay.cs",
              "ViewState": "AgIAAAAAAAAAAAAAAAAAAA8AAAAFAAAAAAAAAA==",
              "Icon": "ae27a6b0-e345-4288-96df-5eaf394ee369.000738|",
              "WhenOpened": "2025-07-10T05:57:12.823Z"
            },
            {
              "$type": "Document",
              "DocumentIndex": 22,
              "Title": "IEmailSender.cs",
              "DocumentMoniker": "C:\\Users\\asus\\source\\repos\\DoAn_QLDatVeMayBay\\QLDatVeMayBay\\Services\\IEmailSender.cs",
              "RelativeDocumentMoniker": "QLDatVeMayBay\\Services\\IEmailSender.cs",
              "ToolTip": "C:\\Users\\asus\\source\\repos\\DoAn_QLDatVeMayBay\\QLDatVeMayBay\\Services\\IEmailSender.cs",
              "RelativeToolTip": "QLDatVeMayBay\\Services\\IEmailSender.cs",
              "ViewState": "AgIAAAAAAAAAAAAAAAAAAAcAAAAAAAAAAAAAAA==",
              "Icon": "ae27a6b0-e345-4288-96df-5eaf394ee369.000738|",
              "WhenOpened": "2025-07-10T06:25:05.943Z"
            },
            {
              "$type": "Document",
              "DocumentIndex": 23,
              "Title": "HomeController.cs",
              "DocumentMoniker": "C:\\Users\\asus\\source\\repos\\DoAn_QLDatVeMayBay\\QLDatVeMayBay\\Controllers\\HomeController.cs",
              "RelativeDocumentMoniker": "QLDatVeMayBay\\Controllers\\HomeController.cs",
              "ToolTip": "C:\\Users\\asus\\source\\repos\\DoAn_QLDatVeMayBay\\QLDatVeMayBay\\Controllers\\HomeController.cs",
              "RelativeToolTip": "QLDatVeMayBay\\Controllers\\HomeController.cs",
              "ViewState": "AgIAAAAAAAAAAAAAAAAAAAAAAAAAAAAAAAAAAA==",
              "Icon": "ae27a6b0-e345-4288-96df-5eaf394ee369.000738|",
              "WhenOpened": "2025-07-10T07:10:55.556Z"
            },
            {
              "$type": "Document",
              "DocumentIndex": 24,
              "Title": "DangNhap.cshtml",
              "DocumentMoniker": "C:\\Users\\asus\\source\\repos\\DoAn_QLDatVeMayBay\\QLDatVeMayBay\\Views\\TaiKhoan\\DangNhap.cshtml",
              "RelativeDocumentMoniker": "QLDatVeMayBay\\Views\\TaiKhoan\\DangNhap.cshtml",
              "ToolTip": "C:\\Users\\asus\\source\\repos\\DoAn_QLDatVeMayBay\\QLDatVeMayBay\\Views\\TaiKhoan\\DangNhap.cshtml",
              "RelativeToolTip": "QLDatVeMayBay\\Views\\TaiKhoan\\DangNhap.cshtml",
              "ViewState": "AgIAACMAAAAAAAAAAAAgwDcAAAAAAAAAAAAAAA==",
              "Icon": "ae27a6b0-e345-4288-96df-5eaf394ee369.000759|",
              "WhenOpened": "2025-07-10T07:08:34.59Z"
            },
            {
              "$type": "Document",
              "DocumentIndex": 28,
              "Title": "ChuyenBay.cs",
              "DocumentMoniker": "C:\\Users\\asus\\source\\repos\\DoAn_QLDatVeMayBay\\QLDatVeMayBay\\Models\\ChuyenBay.cs",
              "RelativeDocumentMoniker": "QLDatVeMayBay\\Models\\ChuyenBay.cs",
              "ToolTip": "C:\\Users\\asus\\source\\repos\\DoAn_QLDatVeMayBay\\QLDatVeMayBay\\Models\\ChuyenBay.cs",
              "RelativeToolTip": "QLDatVeMayBay\\Models\\ChuyenBay.cs",
              "ViewState": "AgIAAAQAAAAAAAAAAAAAAB0AAAAuAAAAAAAAAA==",
              "Icon": "ae27a6b0-e345-4288-96df-5eaf394ee369.000738|",
              "WhenOpened": "2025-07-10T06:02:15.92Z"
            },
            {
              "$type": "Document",
              "DocumentIndex": 27,
              "Title": "GheNgoi.cs",
              "DocumentMoniker": "C:\\Users\\asus\\source\\repos\\DoAn_QLDatVeMayBay\\QLDatVeMayBay\\Models\\GheNgoi.cs",
              "RelativeDocumentMoniker": "QLDatVeMayBay\\Models\\GheNgoi.cs",
              "ToolTip": "C:\\Users\\asus\\source\\repos\\DoAn_QLDatVeMayBay\\QLDatVeMayBay\\Models\\GheNgoi.cs",
              "RelativeToolTip": "QLDatVeMayBay\\Models\\GheNgoi.cs",
              "ViewState": "AgIAAAAAAAAAAAAAAAAAABMAAAA4AAAAAAAAAA==",
              "Icon": "ae27a6b0-e345-4288-96df-5eaf394ee369.000738|",
              "WhenOpened": "2025-07-10T06:02:24.257Z"
            },
            {
              "$type": "Document",
              "DocumentIndex": 26,
              "Title": "VeMayBay.cs",
              "DocumentMoniker": "C:\\Users\\asus\\source\\repos\\DoAn_QLDatVeMayBay\\QLDatVeMayBay\\Models\\VeMayBay.cs",
              "RelativeDocumentMoniker": "QLDatVeMayBay\\Models\\VeMayBay.cs",
              "ToolTip": "C:\\Users\\asus\\source\\repos\\DoAn_QLDatVeMayBay\\QLDatVeMayBay\\Models\\VeMayBay.cs",
              "RelativeToolTip": "QLDatVeMayBay\\Models\\VeMayBay.cs",
              "ViewState": "AgIAAAAAAAAAAAAAAAAAABcAAAAwAAAAAAAAAA==",
              "Icon": "ae27a6b0-e345-4288-96df-5eaf394ee369.000738|",
              "WhenOpened": "2025-07-10T05:56:57.163Z"
            },
            {
              "$type": "Document",
              "DocumentIndex": 25,
              "Title": "ThanhToan.cs",
              "DocumentMoniker": "C:\\Users\\asus\\source\\repos\\DoAn_QLDatVeMayBay\\QLDatVeMayBay\\Models\\ThanhToan.cs",
              "RelativeDocumentMoniker": "QLDatVeMayBay\\Models\\ThanhToan.cs",
              "ToolTip": "C:\\Users\\asus\\source\\repos\\DoAn_QLDatVeMayBay\\QLDatVeMayBay\\Models\\ThanhToan.cs",
              "RelativeToolTip": "QLDatVeMayBay\\Models\\ThanhToan.cs",
              "ViewState": "AgIAAAAAAAAAAAAAAAAAABcAAAA3AAAAAAAAAA==",
              "Icon": "ae27a6b0-e345-4288-96df-5eaf394ee369.000738|",
              "WhenOpened": "2025-07-10T06:02:47.314Z"
            },
            {
              "$type": "Document",
              "DocumentIndex": 29,
              "Title": "SanBay.cs",
              "DocumentMoniker": "C:\\Users\\asus\\source\\repos\\DoAn_QLDatVeMayBay\\QLDatVeMayBay\\Models\\SanBay.cs",
              "RelativeDocumentMoniker": "QLDatVeMayBay\\Models\\SanBay.cs",
              "ToolTip": "C:\\Users\\asus\\source\\repos\\DoAn_QLDatVeMayBay\\QLDatVeMayBay\\Models\\SanBay.cs",
              "RelativeToolTip": "QLDatVeMayBay\\Models\\SanBay.cs",
              "ViewState": "AgIAAAAAAAAAAAAAAAAAAA0AAAA7AAAAAAAAAA==",
              "Icon": "ae27a6b0-e345-4288-96df-5eaf394ee369.000738|",
              "WhenOpened": "2025-07-10T06:06:28.516Z"
            },
            {
              "$type": "Document",
              "DocumentIndex": 30,
              "Title": "MayBay.cs",
              "DocumentMoniker": "C:\\Users\\asus\\source\\repos\\DoAn_QLDatVeMayBay\\QLDatVeMayBay\\Models\\MayBay.cs",
              "RelativeDocumentMoniker": "QLDatVeMayBay\\Models\\MayBay.cs",
              "ToolTip": "C:\\Users\\asus\\source\\repos\\DoAn_QLDatVeMayBay\\QLDatVeMayBay\\Models\\MayBay.cs",
              "RelativeToolTip": "QLDatVeMayBay\\Models\\MayBay.cs",
              "ViewState": "AgIAAAAAAAAAAAAAAAAAABIAAAAzAAAAAAAAAA==",
              "Icon": "ae27a6b0-e345-4288-96df-5eaf394ee369.000738|",
              "WhenOpened": "2025-07-10T05:57:29.499Z"
            }
          ]
        }
      ]
    }
  ]
}